collision_reference,location_easting_osgr,location_northing_osgr,collision_severity,number_of_vehicles,number_of_casualties,date,day_of_week,first_road_class,road_type,speed_limit,light_conditions,weather_conditions,road_surface_conditions
10419171,525060,170416,3,1,1,2023-01-01,1,5,2,20,4,8,2
10419183,535463,198745,3,3,2,2023-01-01,1,6,6,30,4,1,1
10419189,508702,177696,3,2,1,2023-01-01,1,3,1,30,4,1,1
10419191,520341,190175,3,2,1,2023-01-01,1,3,6,30,4,9,1
10419192,527255,176963,3,2,1,2023-01-01,1,3,6,30,4,1,1
10419198,524780,184471,3,1,1,2023-01-01,1,3,6,30,4,1,1
10419201,532189,179517,3,2,1,2023-01-01,1,3,6,20,4,1,2
10419205,543856,182912,3,1,1,2023-01-01,1,3,3,50,1,1,1
10419209,533656,188929,3,1,1,2023-01-01,1,3,6,20,4,1,1
10419223,512417,176816,3,2,1,2023-01-01,1,5,6,20,1,1,1
10419228,534898,184075,3,2,3,2023-01-01,1,3,6,20,4,2,2
10419245,533551,185203,3,2,1,2023-01-01,1,3,6,20,4,1,1
10419259,532454,185214,3,2,3,2023-01-01,1,6,1,20,4,2,2
10419261,543289,188249,3,2,1,2023-01-01,1,3,3,30,4,8,1
10419263,537796,188151,3,2,1,2023-01-01,1,3,6,20,4,2,2
10419270,531177,177577,3,2,1,2023-01-01,1,3,3,20,4,2,2
10419272,538881,171375,3,2,1,2023-01-01,1,3,6,30,4,2,2
10419274,530101,188370,3,1,1,2023-01-01,1,3,6,20,4,2,2
10419278,532076,187483,3,1,1,2023-01-01,1,3,3,30,4,2,2
10419280,523953,175033,3,2,1,2023-01-01,1,3,6,20,4,2,2
10419281,525522,184858,2,1,2,2023-01-01,1,4,6,30,4,2,2
10419282,530049,184288,3,1,1,2023-01-01,1,3,3,20,4,2,2
10419297,541053,184581,3,2,1,2023-01-01,1,4,2,30,6,1,1
10419301,534201,185833,3,2,1,2023-01-02,2,5,6,20,4,1,2
10419302,530333,182992,3,1,1,2023-01-02,2,3,2,20,4,8,2
10419303,535355,172912,3,3,2,2023-01-02,2,3,6,30,4,2,2
10419304,540578,184897,3,2,1,2023-01-02,2,3,6,30,4,1,1
10419305,512628,172209,3,2,1,2023-01-02,2,3,6,30,4,1,1
10419316,539456,190468,3,2,1,2023-01-01,1,3,1,30,1,1,1
10419323,534378,174927,2,1,1,2023-01-02,2,4,6,20,1,1,1
10419324,527211,182785,3,2,1,2023-01-02,2,3,6,20,1,1,1
10419329,520388,186588,3,1,1,2023-01-02,2,3,3,30,1,1,1
10419333,527521,171584,3,1,1,2023-01-02,2,3,6,30,1,1,1
10419335,524238,181495,3,2,1,2023-01-02,2,4,6,20,1,1,1
10419336,548149,170775,3,1,1,2023-01-02,2,3,3,40,1,1,1
10419338,512810,180357,3,1,1,2023-01-02,2,3,6,20,1,1,2
10419340,521214,178770,3,1,1,2023-01-02,2,4,6,20,1,1,1
10419343,552851,185268,3,2,1,2023-01-02,2,5,6,30,1,1,1
10419349,530528,189334,3,2,2,2023-01-01,1,3,6,20,4,2,2
10419352,517117,186220,3,2,1,2023-01-02,2,3,6,30,4,1,1
10419373,520830,192850,3,2,1,2023-01-02,2,3,1,30,1,1,1
10419376,512644,179949,3,2,1,2023-01-02,2,3,6,20,4,1,1
10419379,518495,185576,3,2,2,2023-01-01,1,3,6,20,4,2,2
10419381,549817,173225,3,1,1,2023-01-02,2,4,1,30,1,8,1
10419383,547471,174516,2,1,2,2023-01-02,2,3,3,30,4,1,1
10419385,540141,185259,3,1,1,2023-01-02,2,5,6,30,4,1,1
10419387,535527,198402,3,2,1,2023-01-02,2,3,6,30,4,1,1
10419389,541081,182335,3,2,1,2023-01-02,2,6,6,20,6,8,1
10419391,528183,184396,2,2,1,2023-01-03,3,3,3,20,4,1,1
10419392,535500,195693,3,1,1,2023-01-02,2,5,2,30,1,1,1
10419393,512321,179382,2,2,2,2023-01-02,2,6,6,20,4,1,1
10419397,526336,177827,2,1,1,2023-01-02,2,6,3,20,4,1,1
10419398,526452,185517,3,2,1,2023-01-02,2,4,6,20,4,1,1
10419400,527502,174891,3,2,1,2023-01-02,2,4,6,20,4,1,1
10419402,535009,192995,3,2,2,2023-01-03,3,6,3,30,4,1,1
10419403,531825,188280,2,3,1,2023-01-03,3,3,6,20,4,1,1
10419404,547705,187539,3,1,1,2023-01-03,3,5,6,30,4,1,2
10419407,530132,183939,3,1,1,2023-01-02,2,6,6,20,4,1,1
10419411,537886,183067,3,2,1,2023-01-01,1,3,1,20,1,1,1
10419412,515090,191271,3,1,1,2023-01-03,3,3,6,30,4,8,2
10419418,518168,180394,3,2,1,2023-01-02,2,6,9,20,1,9,1
10419419,529949,178292,3,2,1,2023-01-03,3,3,2,30,1,9,1
10419429,532771,170946,3,2,1,2023-01-02,2,3,9,30,4,1,1
10419437,537931,172284,2,1,1,2023-01-03,3,3,3,30,1,2,2
10419438,527012,177525,3,2,1,2023-01-03,3,3,9,20,1,2,1
10419440,507878,186603,3,1,1,2023-01-02,2,6,9,20,1,1,1
10419443,525374,183287,2,2,1,2023-01-03,3,5,2,20,1,1,2
10419447,542437,191719,2,2,1,2023-01-03,3,4,1,30,1,8,2
10419457,532552,163746,3,2,1,2023-01-03,3,3,9,20,1,9,9
10419463,532476,176991,3,3,1,2023-01-01,1,3,6,30,4,1,1
10419480,516115,174318,3,2,1,2023-01-03,3,3,1,40,1,2,2
10419481,531868,166491,3,2,1,2023-01-03,3,3,6,30,1,2,2
10419490,527301,185512,3,1,1,2023-01-03,3,4,6,20,4,1,2
10419494,523465,186191,3,2,1,2023-01-03,3,3,7,30,4,2,2
10419499,526033,178413,3,2,1,2023-01-03,3,3,3,20,4,2,2
10419502,534491,179466,3,2,1,2023-01-03,3,3,6,20,4,1,2
10419503,537595,194816,3,3,1,2023-01-03,3,3,6,30,4,2,2
10419504,532736,167890,3,2,1,2023-01-02,2,3,6,20,1,1,2
10419511,518621,186235,3,1,1,2023-01-03,3,3,6,30,4,2,2
10419514,532624,171641,3,2,3,2023-01-03,3,6,6,30,4,2,2
10419518,534442,196529,3,2,1,2023-01-02,2,6,6,20,4,1,1
10419522,528876,164070,3,2,1,2023-01-03,3,3,6,20,4,2,2
10419523,520668,180813,3,2,1,2023-01-03,3,5,6,20,4,2,2
10419525,518082,180291,3,2,1,2023-01-03,3,6,6,20,4,1,2
10419526,533583,168946,3,1,1,2023-01-03,3,3,6,30,4,2,2
10419528,512703,175848,3,2,1,2023-01-03,3,3,9,30,4,5,2
10419529,514400,175940,2,1,1,2023-01-03,3,3,6,30,4,2,2
10419532,535302,173767,3,1,1,2023-01-03,3,5,6,30,4,2,2
10419533,517758,191172,3,2,1,2023-01-03,3,3,6,30,4,1,2
10419537,532549,163659,1,1,1,2023-01-03,3,3,6,30,4,2,2
10419543,535211,193456,3,3,1,2023-01-04,4,6,6,20,4,1,2
10419544,525255,183865,3,2,1,2023-01-04,4,3,7,30,4,1,1
10419546,522341,180082,3,2,1,2023-01-03,3,3,6,20,4,8,2
10419547,529931,175612,2,1,1,2023-01-03,3,3,6,20,4,1,2
10419551,531728,193171,3,3,1,2023-01-04,4,3,6,30,4,2,2
10419552,511382,176431,3,2,1,2023-01-04,4,6,6,30,4,1,2
10419555,532222,164366,3,2,1,2023-01-04,4,4,6,30,4,2,2
10419559,520645,166279,3,1,1,2023-01-04,4,6,6,20,1,1,2
10419565,516711,190562,3,2,1,2023-01-03,3,5,6,30,4,1,2
10419575,524310,185109,3,2,1,2023-01-03,3,3,9,20,4,1,2
10419577,547827,170547,3,1,1,2023-01-04,4,3,6,30,5,2,2
10419579,535847,196063,3,2,1,2023-01-03,3,3,2,20,4,2,2
10419585,543568,186409,3,2,2,2023-01-03,3,3,7,30,1,2,2
10419586,532286,172876,3,2,1,2023-01-04,4,3,3,30,1,1,1
10419587,521372,180746,3,1,1,2023-01-04,4,5,6,20,1,2,2
10419594,540131,184885,3,2,1,2023-01-04,4,3,6,20,1,5,2
10419599,537412,173576,3,2,1,2023-01-04,4,3,6,30,1,1,1
10419601,537388,177260,3,1,1,2023-01-04,4,6,6,20,1,1,1
10419604,533935,184168,2,1,1,2023-01-04,4,4,6,20,1,1,1
10419605,546202,186987,3,1,1,2023-01-04,4,3,6,30,1,1,1
10419606,528857,184762,3,2,1,2023-01-04,4,6,7,20,1,2,2
10419609,552752,184517,3,2,1,2023-01-04,4,5,6,30,1,1,2
10419611,530206,191887,3,2,1,2023-01-03,3,6,9,20,1,1,1
10419622,526172,177685,2,1,1,2023-01-04,4,3,6,30,1,1,1
10419624,535979,181150,3,2,1,2023-01-04,4,3,6,20,1,1,1
10419625,519004,186238,3,2,1,2023-01-04,4,6,6,30,1,1,1
10419642,547352,168308,3,2,2,2023-01-04,4,6,3,30,4,1,2
10419645,541397,165099,3,5,4,2023-01-04,4,3,6,30,1,1,1
10419649,550392,183013,3,2,1,2023-01-04,4,3,3,30,5,1,1
10419651,536893,187856,3,2,1,2023-01-04,4,5,6,20,1,1,1
10419657,528922,169564,3,2,1,2023-01-04,4,5,6,20,4,1,2
10419658,529788,175500,3,1,1,2023-01-04,4,3,6,20,4,1,2
10419665,526900,164205,3,2,3,2023-01-04,4,3,6,30,1,1,1
10419667,534190,181679,3,2,1,2023-01-04,4,6,6,20,4,1,1
10419671,523243,191434,2,1,1,2023-01-04,4,5,3,30,4,1,1
10419672,535282,178678,2,1,1,2023-01-04,4,3,6,20,4,1,1
10419676,530186,170045,3,2,1,2023-01-04,4,5,9,30,5,8,2
10419677,518160,179923,3,2,1,2023-01-02,2,6,9,20,1,9,1
10419678,538643,193579,3,6,1,2023-01-04,4,5,6,20,4,1,1
10419685,532241,160589,2,1,1,2023-01-04,4,6,2,20,4,1,1
10419687,515486,180735,3,1,1,2023-01-03,3,5,6,20,1,2,2
10419688,549702,184533,3,2,1,2023-01-04,4,6,6,30,4,1,1
10419691,511833,172706,3,2,1,2023-01-04,4,3,6,30,4,2,2
10419692,532392,186284,3,1,2,2023-01-04,4,3,6,20,1,1,1
10419703,539882,191579,3,2,2,2023-01-04,4,3,1,30,4,1,1
10419706,523746,167320,3,2,2,2023-01-04,4,4,1,20,4,1,1
10419707,529182,184158,3,1,1,2023-01-04,4,3,6,30,4,1,1
10419709,511147,185017,3,1,1,2023-01-04,4,6,6,20,4,1,1
10419710,534368,197467,3,2,1,2023-01-05,5,3,3,40,4,4,1
10419711,541094,181787,3,2,2,2023-01-04,4,3,7,30,4,9,1
10419713,541321,184750,3,2,1,2023-01-04,4,4,6,30,4,1,1
10419714,534412,176027,3,1,1,2023-01-04,4,3,3,20,4,1,1
10419716,536195,199697,3,2,1,2023-01-05,5,3,3,30,4,1,2
10419718,520406,180057,2,1,1,2023-01-05,5,3,6,20,1,1,1
10419720,521696,179058,3,2,1,2023-01-04,4,4,6,20,1,1,2
10419727,534677,172832,3,2,1,2023-01-05,5,5,6,20,1,1,2
10419729,531054,180133,3,2,1,2023-01-04,4,3,1,20,1,1,1
10419744,540364,168844,2,1,1,2023-01-05,5,5,6,30,1,1,1
10419750,556658,186981,3,1,1,2023-01-05,5,6,6,30,1,1,1
10419754,528385,180185,3,2,1,2023-01-05,5,3,3,20,1,1,1
10419757,512321,176554,3,2,1,2023-01-05,5,3,6,20,1,8,1
10419766,530315,183678,3,2,1,2023-01-05,5,3,6,20,1,1,1
10419770,531355,184985,3,1,1,2023-01-05,5,3,6,20,1,1,1
10419771,505542,184116,3,1,1,2023-01-05,5,6,2,20,1,9,1
10419775,546461,192348,3,2,1,2023-01-02,2,6,9,30,1,2,2
10419776,519432,173667,2,1,1,2023-01-05,5,6,6,20,1,1,2
10419777,531235,161769,3,2,1,2023-01-05,5,3,6,30,1,1,1
10419781,530025,171398,3,1,1,2023-01-05,5,3,6,30,1,1,1
10419783,523231,183324,3,2,1,2023-01-04,4,6,9,20,4,9,9
10419784,531214,197778,3,2,1,2023-01-05,5,5,1,30,1,1,1
10419785,527021,168665,3,1,1,2023-01-05,5,5,1,20,1,1,1
10419786,522972,184632,3,2,1,2023-01-04,4,3,6,20,4,1,1
10419791,525176,177220,2,1,1,2023-01-05,5,3,3,20,1,8,1
10419792,515536,188032,2,1,1,2023-01-05,5,4,6,20,1,1,1
10419794,532736,168251,3,1,1,2023-01-05,5,4,6,30,1,1,1
10419795,535635,198858,3,2,1,2023-01-05,5,3,6,30,1,1,1
10419803,529056,187953,3,2,1,2023-01-04,4,6,9,20,1,1,1
10419810,532362,162855,3,2,1,2023-01-05,5,3,6,20,1,1,2
10419818,515591,190028,3,2,1,2023-01-05,5,6,6,30,4,1,1
10419819,526457,193887,3,2,1,2023-01-05,5,3,6,30,1,2,2
10419820,534189,192150,3,2,1,2023-01-04,4,6,9,20,1,8,2
10419825,512728,180688,2,1,1,2023-01-05,5,6,6,20,1,1,1
10419830,550632,189758,3,2,2,2023-01-05,5,4,6,30,4,1,1
10419831,533409,171557,3,1,1,2023-01-05,5,3,9,20,7,9,9
10419836,527549,194250,3,2,1,2023-01-03,3,6,6,20,1,1,2
10419847,525838,191447,3,2,1,2023-01-05,5,3,6,30,4,1,1
10419849,525430,170019,3,2,1,2023-01-01,1,6,7,30,4,2,2
10419851,534461,177825,2,2,1,2023-01-05,5,3,3,30,4,1,1
10419861,531234,177316,2,2,1,2023-01-05,5,3,3,20,4,1,1
10419862,527948,172244,3,2,1,2023-01-05,5,6,6,20,4,1,1
10419863,523447,184610,3,2,1,2023-01-05,5,3,6,30,4,2,2
10419865,528673,177134,3,2,1,2023-01-05,5,3,1,20,4,1,1
10419866,532861,194740,2,1,1,2023-01-05,5,4,6,30,4,2,2
10419867,538172,185804,3,2,1,2023-01-05,5,3,3,50,1,8,1
10419871,537260,181795,3,2,1,2023-01-04,4,4,6,20,4,1,1
10419877,534889,194741,3,1,1,2023-01-05,5,3,6,30,4,2,2
10419880,537954,175693,3,2,1,2023-01-05,5,6,3,30,4,1,2
10419884,554684,180265,2,2,1,2023-01-06,6,3,7,50,4,2,2
10419888,512722,175838,3,2,1,2023-01-06,6,3,6,30,4,2,2
10419892,530050,186455,2,2,1,2023-01-05,5,3,6,20,1,1,1
10419895,523772,182881,3,2,1,2023-01-06,6,4,6,30,1,1,2
10419908,538347,180159,3,1,1,2023-01-06,6,3,3,20,1,1,1
10419925,537632,191086,3,2,1,2023-01-06,6,6,2,20,1,1,1
10419936,546159,166057,3,2,1,2023-01-06,6,3,6,30,1,1,2
10419937,526393,193949,2,1,1,2023-01-06,6,3,6,30,1,1,1
10419946,525548,190077,2,1,2,2023-01-06,6,3,6,30,1,1,2
10419949,530020,171457,3,2,1,2023-01-04,4,3,9,20,1,1,1
10419952,534257,181319,3,1,1,2023-01-06,6,3,3,20,1,1,1
10419956,532590,180071,3,1,1,2023-01-06,6,3,6,20,1,1,1
10419958,543748,177665,3,1,1,2023-01-03,3,6,9,30,4,1,1
10419961,526860,171880,3,1,1,2023-01-06,6,3,6,20,1,1,1
10419964,533252,192346,2,3,2,2023-01-01,1,3,3,50,4,1,2
10419967,513029,174103,3,1,1,2023-01-06,6,3,6,30,1,1,1
10419972,538833,176670,2,1,1,2023-01-06,6,3,6,30,7,4,2
10419974,519714,183333,3,1,1,2023-01-06,6,5,6,30,1,1,1
10419977,514346,175921,3,1,1,2023-01-06,6,3,6,30,1,1,2
10419981,533779,189559,3,2,1,2023-01-05,5,3,6,20,4,8,1
10419982,551440,188363,3,1,1,2023-01-06,6,5,6,30,1,9,1
10419987,524550,180816,3,2,1,2023-01-06,6,4,6,20,1,1,1
10419990,531429,178001,3,1,1,2023-01-06,6,3,6,30,1,1,1
10419993,511989,183464,3,2,3,2023-01-06,6,3,3,30,4,1,1
10419994,535476,198299,3,2,1,2023-01-05,5,3,3,30,1,1,1
10419995,528319,184333,3,1,1,2023-01-06,6,3,3,20,1,1,1
10419998,533752,189490,3,3,1,2023-01-05,5,3,6,30,4,1,1
10420004,538402,162914,3,2,3,2023-01-06,6,5,6,30,4,2,2
10420005,526822,182200,3,2,1,2023-01-06,6,6,2,20,1,1,1
10420013,534755,194437,3,1,1,2023-01-02,2,3,9,30,1,1,1
10420014,533228,183096,2,1,1,2023-01-06,6,5,6,20,4,1,1
10420016,524909,190231,3,3,1,2023-01-06,6,3,6,30,1,1,1
10420018,527544,190045,2,2,1,2023-01-06,6,6,6,30,4,2,2
10420019,533578,185388,3,2,1,2023-01-06,6,3,6,20,4,1,2
10420020,519590,165592,3,2,1,2023-01-06,6,3,7,30,4,1,1
10420024,526755,169776,2,2,1,2023-01-06,6,3,3,20,4,2,2
10420025,510576,181000,3,1,1,2023-01-06,6,5,6,30,4,1,2
10420027,515005,183919,3,2,2,2023-01-06,6,3,6,20,4,1,2
10420028,524736,173278,3,2,1,2023-01-06,6,5,6,20,4,1,1
10420030,539780,172457,3,2,1,2023-01-06,6,5,6,20,4,1,2
10420032,537898,174344,2,1,1,2023-01-06,6,3,6,20,4,1,1
10420034,513364,188198,3,2,1,2023-01-06,6,3,3,30,4,1,1
10420037,544782,175685,2,2,1,2023-01-06,6,3,6,30,4,1,1
10420038,512335,176039,3,2,1,2023-01-06,6,3,6,30,4,8,2
10420039,525216,179142,3,3,1,2023-01-06,6,4,6,20,4,1,2
10420041,534306,175464,3,2,1,2023-01-06,6,3,6,20,4,1,1
10420044,507533,178572,3,2,4,2023-01-06,6,1,1,30,4,2,2
10420050,539998,169497,3,1,1,2023-01-07,7,3,6,30,4,1,1
10420055,538819,188790,3,2,3,2023-01-07,7,3,6,30,4,4,1
10420058,535072,196014,3,2,1,2023-01-07,7,6,6,30,4,1,1
10420059,534686,181315,3,1,1,2023-01-07,7,3,6,20,4,4,1
10420060,529007,164492,3,2,1,2023-01-06,6,6,6,30,4,8,1
10420064,526325,193117,3,2,1,2023-01-06,6,3,6,30,6,1,1
10420065,535515,167579,3,1,1,2023-01-06,6,3,6,20,1,1,2
10420066,547472,183540,3,2,1,2023-01-07,7,3,3,40,1,2,2
10420068,536643,172439,3,4,1,2023-01-07,7,3,6,30,1,5,2
10420073,531052,176307,3,2,1,2023-01-05,5,6,9,20,4,8,1
10420080,520070,175825,3,2,1,2023-01-07,7,3,6,20,1,2,2
10420081,519154,180692,3,2,1,2023-01-05,5,6,6,20,1,1,1
10420083,532145,190455,2,1,1,2023-01-02,2,3,2,30,1,9,9
10420088,540185,190254,1,1,1,2023-01-07,7,6,6,30,1,1,2
10420093,541396,190218,3,1,1,2023-01-07,7,3,3,40,1,1,1
10420094,521840,191957,3,1,1,2023-01-07,7,3,3,50,4,2,2
10420095,526484,171740,3,2,1,2023-01-07,7,5,6,20,1,2,2
10420102,529923,173092,3,2,1,2023-01-05,5,4,1,20,4,2,1
10420103,531647,180383,3,2,1,2023-01-07,7,3,6,30,1,2,2
10420106,529582,178296,2,2,1,2023-01-06,6,3,6,20,4,1,2
10420110,518980,179543,3,2,1,2023-01-07,7,3,6,30,1,2,2
10420115,528196,174015,3,2,1,2023-01-07,7,4,6,20,1,2,2
10420119,535873,189823,3,2,1,2023-01-07,7,4,6,20,4,1,1
10420121,528901,190065,3,2,1,2023-01-06,6,6,9,20,1,1,1
10420122,529959,175639,3,2,1,2023-01-06,6,3,2,20,4,1,2
10420123,533827,190168,3,1,1,2023-01-07,7,3,6,20,1,1,2
10420137,524713,179094,3,2,1,2023-01-07,7,3,7,20,4,1,1
10420139,533928,183880,3,1,1,2023-01-07,7,4,6,20,4,2,2
10420140,532574,165429,2,1,1,2023-01-07,7,5,3,30,4,2,2
10420142,529392,189203,3,1,1,2023-01-06,6,3,6,30,1,1,1
10420145,543555,179128,3,3,1,2023-01-07,7,3,6,30,4,2,2
10420150,526646,184147,3,1,1,2023-01-07,7,3,3,30,1,2,2
10420156,516324,183535,3,1,1,2023-01-07,7,5,6,20,4,2,2
10420159,530494,173928,3,2,1,2023-01-07,7,3,6,30,4,2,2
10420162,538665,184415,3,1,1,2023-01-07,7,3,3,20,4,5,2
10420163,516211,180315,2,2,1,2023-01-07,7,3,6,20,4,2,2
10420164,533001,178942,3,1,1,2023-01-07,7,3,3,30,4,2,2
10420170,531574,186893,3,2,1,2023-01-07,7,3,3,30,4,1,2
10420172,544073,185179,3,1,1,2023-01-07,7,3,6,30,4,1,2
10420176,508417,176925,3,2,1,2023-01-07,7,3,3,50,4,1,2
10420178,531890,188008,3,2,1,2023-01-07,7,3,3,20,1,2,2
10420180,527945,169549,3,2,1,2023-01-07,7,3,3,20,1,1,2
10420192,530899,183671,2,2,1,2023-01-08,1,5,6,20,4,2,2
10420193,536368,182486,3,2,1,2023-01-08,1,3,6,30,1,1,1
10420194,535482,183162,3,1,1,2023-01-07,7,4,6,20,4,1,1
10420197,524442,184949,3,3,1,2023-01-08,1,3,3,20,4,2,2
10420198,533980,166168,3,1,1,2023-01-07,7,3,6,30,4,1,2
10420200,525562,178192,2,2,1,2023-01-07,7,3,6,20,4,2,2
10420203,543375,188434,3,2,2,2023-01-07,7,3,1,30,4,1,1
10420205,556113,193248,3,1,2,2023-01-08,1,1,3,70,4,1,2
10420209,534287,193245,3,1,1,2023-01-08,1,3,6,30,4,2,2
10420212,534283,187918,3,2,1,2023-01-07,7,6,6,20,4,1,2
10420215,519413,191373,2,1,1,2023-01-08,1,3,6,30,1,1,2
10420218,510287,180479,3,1,1,2023-01-07,7,5,6,20,4,2,2
10420219,527040,165432,3,2,1,2023-01-06,6,4,6,30,4,2,2
10420240,521294,183738,3,1,1,2023-01-07,7,3,6,30,4,2,1
10420241,549690,175313,3,3,2,2023-01-08,1,3,6,30,1,2,2
10420242,516765,180452,3,1,2,2023-01-07,7,3,6,20,4,1,1
10420244,535301,181250,3,2,1,2023-01-08,1,3,6,30,1,2,2
10420246,512642,183921,3,3,1,2023-01-08,1,3,1,20,1,2,2
10420247,538020,181014,3,2,1,2023-01-08,1,3,2,20,1,2,2
10420248,512028,175186,3,2,1,2023-01-06,6,6,6,20,1,9,1
10420251,533255,171465,3,2,1,2023-01-08,1,5,6,20,1,2,2
10420256,513875,180999,2,2,1,2023-01-08,1,6,6,20,1,2,2
10420260,532890,186096,3,2,1,2023-01-05,5,6,6,20,1,1,1
10420262,524598,180317,2,2,1,2023-01-08,1,6,9,30,7,9,9
10420276,531174,177590,3,1,1,2023-01-08,1,3,2,20,1,2,2
10420287,529620,181349,3,1,1,2023-01-08,1,3,6,20,4,1,2
10420290,519260,186211,3,2,1,2023-01-08,1,3,6,30,4,2,2
10420294,532429,164797,3,2,1,2023-01-08,1,3,6,30,1,1,1
10420299,545604,182248,3,2,1,2023-01-08,1,5,6,30,4,1,2
10420306,531388,183823,2,2,1,2023-01-08,1,4,6,20,4,8,2
10420314,543427,186915,3,2,1,2023-01-08,1,3,6,30,4,1,2
10420328,520925,181073,3,2,1,2023-01-09,2,6,6,20,4,1,1
10420334,514221,175821,2,1,1,2023-01-09,2,3,6,20,4,1,2
10420336,517756,180713,3,2,1,2023-01-09,2,3,6,30,1,1,2
10420352,526539,174974,3,1,1,2023-01-06,6,3,2,20,1,1,1
10420353,540379,181911,3,2,1,2023-01-09,2,6,9,20,1,1,1
10420354,526866,182194,2,2,1,2023-01-09,2,6,6,20,1,8,1
10420358,525213,183900,3,2,1,2023-01-05,5,3,6,20,4,9,9
10420364,529694,182784,3,1,1,2023-01-07,7,6,2,20,5,1,1
10420374,556109,186853,3,1,1,2023-01-09,2,5,9,20,6,1,1
10420375,524993,174610,3,2,1,2023-01-09,2,3,6,20,1,1,2
10420376,529632,181204,3,1,1,2023-01-09,2,5,6,20,1,1,1
10420378,542905,167686,3,2,1,2023-01-09,2,5,6,30,1,1,1
10420380,536391,177010,3,2,1,2023-01-07,7,3,9,30,4,1,2
10420383,542649,174249,3,2,1,2023-01-09,2,3,9,20,1,1,1
10420388,523963,182195,3,2,1,2023-01-09,2,4,6,20,1,1,2
10420397,534500,181719,2,2,1,2023-01-09,2,3,3,20,1,1,1
10420403,524136,185548,3,2,1,2023-01-09,2,6,6,30,1,1,1
10420406,525771,166974,3,2,1,2023-01-05,5,4,2,30,1,1,1
10420407,526282,175422,3,1,1,2023-01-04,4,3,9,20,4,9,1
10420408,531877,173752,3,3,1,2023-01-07,7,3,6,20,4,5,2
10420413,540598,184739,2,2,1,2023-01-05,5,3,6,30,4,1,1
10420423,535150,195137,3,2,1,2023-01-07,7,3,9,30,5,9,1
10420425,533818,190112,2,1,1,2023-01-09,2,3,6,30,1,1,1
10420426,540107,166218,3,1,1,2023-01-09,2,4,6,30,1,1,1
10420429,532235,178452,3,1,1,2023-01-05,5,3,3,20,1,1,1
10420430,540174,175843,3,1,1,2023-01-09,2,6,6,30,1,1,1
10420433,556053,186672,3,2,1,2023-01-09,2,5,6,30,4,1,1
10420437,548085,162892,2,2,1,2023-01-09,2,3,7,30,1,1,1
10420438,516319,183437,3,1,1,2023-01-09,2,5,6,20,1,1,1
10420439,536008,188773,3,2,1,2023-01-09,2,6,6,20,4,1,1
10420443,532890,200589,3,1,1,2023-01-06,6,1,3,70,1,1,1
10420444,530192,172122,3,1,1,2023-01-09,2,3,3,30,1,9,1
10420448,513299,172199,3,2,1,2023-01-09,2,3,6,20,4,1,1
10420451,527574,169528,3,1,1,2023-01-09,2,5,2,20,1,1,1
10420455,530314,167063,3,2,1,2023-01-07,7,6,6,30,1,9,9
10420456,530101,171796,3,1,1,2023-01-07,7,3,9,30,1,9,9
10420457,533583,186058,3,1,1,2023-01-09,2,3,2,30,1,1,1
10420458,523363,178125,3,2,1,2023-01-09,2,6,6,20,4,1,1
10420459,553091,191873,3,2,2,2023-01-09,2,5,1,30,4,1,1
10420463,534412,178607,3,2,1,2023-01-06,6,5,6,30,4,1,2
10420466,529397,179400,3,2,1,2023-01-09,2,4,6,20,4,1,1
10420468,528053,174891,3,1,1,2023-01-09,2,6,3,30,4,1,1
10420469,533604,176806,3,1,1,2023-01-06,6,3,9,30,4,1,1
10420472,512610,186932,3,2,1,2023-01-09,2,6,6,30,1,1,1
10420473,537986,171648,2,2,1,2023-01-09,2,3,6,30,4,1,1
10420477,555096,191801,3,2,1,2023-01-09,2,5,6,30,4,1,1
10420480,523342,173691,3,3,1,2023-01-09,2,6,6,20,4,1,1
10420481,528944,194720,2,2,2,2023-01-09,2,3,6,30,4,8,1
10420495,528842,181666,3,2,1,2023-01-10,3,3,3,20,4,1,1
10420499,538163,175742,3,2,1,2023-01-09,2,3,3,30,1,1,1
10420500,528756,181984,3,1,1,2023-01-10,3,3,6,20,1,2,2
10420501,525091,181497,3,1,1,2023-01-10,3,3,6,20,4,2,2
10420502,534851,183353,2,3,2,2023-01-10,3,3,6,20,5,2,2
10420504,528713,186154,3,2,1,2023-01-07,7,6,9,30,4,9,9
10420508,532421,166585,3,2,1,2023-01-10,3,3,2,20,1,2,2
10420521,509095,187618,3,2,1,2023-01-09,2,3,1,30,4,1,1
10420525,525729,176216,3,2,1,2023-01-10,3,3,6,20,1,2,2
10420529,531964,173850,3,2,4,2023-01-08,1,3,6,20,1,2,2
10420530,529504,176009,3,2,1,2023-01-06,6,5,6,30,4,1,1
10420534,524437,178964,2,2,1,2023-01-09,2,3,6,20,4,1,1
10420536,535036,200065,3,2,1,2023-01-10,3,1,3,70,4,2,2
10420537,532724,187912,3,1,2,2023-01-03,3,3,6,30,4,5,2
10420539,519527,178583,3,2,1,2023-01-10,3,6,6,20,4,2,2
10420542,522826,183430,3,2,1,2023-01-10,3,5,7,30,1,2,2
10420543,524720,184554,2,1,1,2023-01-01,1,3,6,30,4,1,1
10420547,528629,177382,3,2,1,2023-01-09,2,6,6,30,4,1,2
10420550,530446,173586,3,2,1,2023-01-07,7,3,2,30,1,8,1
10420552,533659,188832,3,2,1,2023-01-07,7,3,9,30,4,2,2
10420556,533050,182953,3,2,1,2023-01-09,2,5,6,20,4,2,2
10420559,530875,174924,3,2,1,2023-01-10,3,3,6,30,1,2,2
10420560,512808,180339,3,2,1,2023-01-06,6,3,6,20,1,1,1
10420561,527138,183698,3,2,1,2023-01-10,3,4,6,20,1,2,2
10420562,523759,181333,3,2,1,2023-01-10,3,6,6,20,1,2,2
10420563,523423,185922,3,2,1,2023-01-09,2,6,9,20,1,9,1
10420565,533790,175288,2,1,1,2023-01-10,3,3,1,20,1,2,2
10420567,532036,179580,3,1,1,2023-01-10,3,3,6,20,1,2,2
10420570,531240,194631,3,1,1,2023-01-04,4,5,9,20,4,9,9
10420572,539336,167640,3,2,2,2023-01-10,3,4,6,30,1,2,2
10420573,534386,182099,3,1,1,2023-01-09,2,4,9,30,4,1,1
10420574,523640,164717,3,2,1,2023-01-08,1,3,6,30,5,2,2
10420583,516263,179244,3,2,1,2023-01-09,2,6,6,20,1,1,1
10420585,524737,173790,3,2,1,2023-01-08,1,6,9,20,1,2,2
10420587,530763,169263,3,2,1,2023-01-09,2,3,6,20,1,1,1
10420588,542790,185074,3,1,1,2023-01-10,3,6,2,30,1,5,2
10420589,531521,179978,3,2,1,2023-01-10,3,4,6,20,1,2,2
10420595,537347,189055,3,2,1,2023-01-05,5,3,9,30,7,8,1
10420597,532023,175889,2,1,1,2023-01-10,3,3,6,30,4,2,2
10420599,531658,189297,3,2,2,2023-01-10,3,3,2,20,1,2,2
10420601,524115,178774,3,2,1,2023-01-10,3,3,6,20,1,1,2
10420613,542243,183919,3,2,1,2023-01-10,3,6,7,20,1,2,2
10420616,533959,196413,3,1,1,2023-01-10,3,3,6,20,4,1,2
10420618,532181,187214,3,2,1,2023-01-09,2,3,6,20,4,1,1
10420621,533656,187168,3,2,1,2023-01-10,3,3,6,30,4,2,2
10420622,537681,182986,3,2,1,2023-01-10,3,3,3,30,4,8,2
10420623,531833,189327,3,1,1,2023-01-08,1,3,9,20,4,9,9
10420624,530342,167139,3,1,1,2023-01-10,3,3,9,30,1,9,9
10420625,517709,180228,3,1,1,2023-01-10,3,4,6,20,1,2,2
10420636,524141,178603,2,1,1,2023-01-10,3,6,6,20,4,5,2
10420638,515718,170979,3,1,1,2023-01-06,6,3,6,20,4,1,1
10420639,542242,180280,3,1,1,2023-01-10,3,6,2,20,4,4,2
10420641,528539,188099,3,1,1,2023-01-10,3,3,9,30,1,1,1
10420643,532287,172879,3,1,1,2023-01-08,1,3,6,30,1,2,2
10420644,511055,180933,2,2,1,2023-01-10,3,3,3,50,4,2,2
10420645,529206,174544,2,2,1,2023-01-10,3,6,6,20,1,1,1
10420646,521167,185867,3,2,1,2023-01-10,3,3,3,40,4,2,2
10420656,542658,165082,3,1,1,2023-01-10,3,3,6,40,4,2,2
10420659,536834,184465,3,2,1,2023-01-10,3,3,3,40,1,2,9
10420660,535632,164911,3,1,1,2023-01-10,3,5,6,20,4,1,2
10420663,547540,185797,2,2,2,2023-01-10,3,3,3,30,5,5,2
10420665,539118,189280,3,2,1,2023-01-10,3,3,6,30,1,2,2
10420666,535756,177969,3,2,1,2023-01-10,3,6,6,30,1,1,2
10420667,509991,174178,2,1,1,2023-01-10,3,3,6,30,4,5,2
10420673,534314,176768,3,1,1,2023-01-10,3,3,6,20,4,2,2
10420675,535075,185324,3,1,1,2023-01-11,4,3,6,20,4,1,2
10420676,527841,179442,3,1,1,2023-01-10,3,3,9,20,4,1,2
10420685,532735,190521,3,1,1,2023-01-11,4,3,6,30,4,8,2
10420697,551039,189061,3,2,1,2023-01-10,3,3,1,30,4,1,1
10420699,524124,177459,3,2,1,2023-01-10,3,3,1,20,4,5,2
10420700,536092,177738,3,2,1,2023-01-11,4,6,3,20,1,2,2
10420705,510633,184444,3,2,1,2023-01-11,4,3,3,40,1,1,1
10420714,536468,179683,3,1,1,2023-01-11,4,4,6,20,1,1,2
10420715,525734,164858,3,2,2,2023-01-11,4,4,9,30,4,1,2
10420718,534186,173571,2,2,1,2023-01-10,3,3,2,20,1,2,2
10420725,525033,184719,3,2,1,2023-01-10,3,6,7,20,4,1,1
10420728,553868,185981,2,1,1,2023-01-11,4,5,3,30,1,8,1
10420730,515841,193178,3,1,1,2023-01-11,4,6,2,30,1,1,1
10420732,523419,184492,3,2,1,2023-01-11,4,5,6,30,1,4,2
10420735,525625,181834,3,2,1,2023-01-11,4,6,9,20,1,9,9
10420736,510652,181088,3,2,1,2023-01-10,3,3,6,30,1,2,2
10420738,518414,185243,3,2,1,2023-01-11,4,3,6,20,1,1,1
10420739,532745,180336,2,2,1,2023-01-11,4,3,3,20,1,1,1
10420743,558186,189096,3,1,1,2023-01-04,4,1,3,70,7,9,9
10420750,535574,198634,3,2,1,2023-01-07,7,3,6,30,4,2,2
10420752,534187,192101,3,2,1,2023-01-11,4,6,9,20,1,1,1
10420753,520018,180915,3,2,1,2023-01-10,3,6,9,20,1,2,2
10420754,523917,176970,2,3,3,2023-01-11,4,3,6,30,1,1,1
10420755,532372,165978,2,1,1,2023-01-11,4,3,3,30,1,1,1
10420756,536814,191528,3,2,1,2023-01-11,4,3,3,50,1,1,1
10420757,558305,184625,3,3,1,2023-01-08,1,1,3,70,1,5,2
10420758,526016,166610,3,2,1,2023-01-10,3,6,1,30,4,1,1
10420760,537588,166151,3,2,1,2023-01-11,4,3,1,30,1,1,1
10420765,524680,176060,3,2,1,2023-01-10,3,6,6,20,1,9,9
10420767,530037,175589,3,1,1,2023-01-11,4,4,7,30,1,1,1
10420768,520616,178149,3,1,1,2023-01-11,4,6,6,20,1,1,1
10420770,517658,179258,3,2,1,2023-01-10,3,4,6,20,1,1,2
10420771,519300,170163,2,2,1,2023-01-09,2,4,6,30,1,1,2
10420774,526981,183820,2,2,1,2023-01-11,4,4,6,20,1,1,1
10420777,531701,196728,3,2,1,2023-01-11,4,3,1,30,1,1,1
10420779,510494,180896,3,2,1,2023-01-11,4,5,6,20,1,1,1
10420782,521100,176010,3,2,2,2023-01-11,4,3,6,30,1,8,1
10420783,517400,194303,3,2,1,2023-01-11,4,3,6,30,1,4,2
10420784,540190,166222,3,1,1,2023-01-11,4,4,6,30,1,1,1
10420787,527549,181047,2,2,1,2023-01-11,4,6,3,20,1,2,2
10420795,530121,188938,3,2,1,2023-01-11,4,5,6,20,1,1,1
10420797,530131,186355,3,2,1,2023-01-11,4,3,6,30,1,1,1
10420799,513158,177768,3,2,2,2023-01-11,4,3,6,20,1,2,2
10420802,535608,180800,3,2,1,2023-01-11,4,3,9,30,4,1,2
10420803,530901,181035,3,2,1,2023-01-11,4,3,6,20,1,1,2
10420804,527335,181414,3,1,1,2023-01-11,4,3,6,20,1,1,1
10420806,510293,186972,3,2,2,2023-01-11,4,6,6,30,4,1,2
10420809,506896,181550,3,1,1,2023-01-11,4,6,6,30,1,9,2
10420810,519268,188737,3,1,1,2023-01-11,4,3,6,20,4,2,2
10420813,525187,180504,3,1,1,2023-01-10,3,3,1,20,4,1,1
10420815,530387,167106,2,2,1,2023-01-11,4,3,6,30,4,1,2
10420816,548463,188358,3,2,1,2023-01-11,4,3,6,30,1,1,1
10420818,528654,185725,3,2,1,2023-01-09,2,4,3,20,1,1,1
10420820,535823,168194,3,2,2,2023-01-11,4,3,1,30,1,1,1
10420821,510827,187452,3,2,1,2023-01-11,4,6,6,30,1,2,2
10420824,513214,182762,3,2,1,2023-01-10,3,4,6,20,1,2,2
10420825,533636,191459,3,2,1,2023-01-11,4,5,6,20,1,1,1
10420826,508230,181041,2,3,1,2023-01-11,4,3,6,30,4,2,2
10420827,526978,180829,3,2,1,2023-01-11,4,3,6,20,4,2,2
10420831,524784,191191,3,2,1,2023-01-11,4,6,9,20,1,1,1
10420832,534682,173598,3,1,1,2023-01-09,2,5,6,20,1,8,1
10420833,531908,195098,3,2,1,2023-01-11,4,5,1,30,1,2,2
10420836,545590,163861,3,1,1,2023-01-11,4,3,6,30,4,2,2
10420839,513226,178564,3,2,1,2023-01-11,4,5,6,20,1,1,1
10420840,549086,177134,3,3,1,2023-01-11,4,5,1,30,4,9,2
10420848,524375,189281,3,2,1,2023-01-11,4,3,3,40,1,2,2
10420849,531943,179683,3,2,1,2023-01-10,3,5,2,20,4,1,2
10420851,528668,170348,3,1,1,2023-01-11,4,3,3,20,4,1,2
10420854,533679,184670,3,2,1,2023-01-11,4,6,2,30,1,1,1
10420856,515671,188551,3,3,1,2023-01-11,4,3,6,30,4,2,2
10420862,522059,179614,3,1,1,2023-01-11,4,4,3,20,1,2,2
10420863,519180,183473,3,2,1,2023-01-11,4,3,3,50,4,2,2
10420866,536285,182764,3,2,1,2023-01-08,1,3,6,30,4,1,2
10420869,531365,182527,3,1,1,2023-01-06,6,4,6,20,4,8,1
10420870,508075,173348,3,2,1,2023-01-09,2,4,6,20,4,1,1
10420872,517875,180797,3,1,1,2023-01-11,4,3,6,20,1,1,1
10420873,522679,188958,3,1,1,2023-01-11,4,3,3,40,1,2,2
10420876,536754,181789,3,2,2,2023-01-10,3,3,6,20,4,1,2
10420881,526995,178542,3,2,1,2023-01-11,4,3,6,30,4,2,2
10420884,508632,174016,3,1,1,2023-01-11,4,5,6,20,1,9,9
10420885,532759,187980,3,3,3,2023-01-11,4,3,6,20,4,2,2
10420892,515692,180952,3,2,1,2023-01-06,6,6,6,20,1,8,1
10420893,530179,185506,2,2,1,2023-01-11,4,3,2,30,4,2,2
10420894,535706,199826,2,1,1,2023-01-11,4,3,6,30,4,4,2
10420897,527336,179185,3,1,1,2023-01-12,5,6,6,20,4,3,2
10420898,545558,163307,3,2,1,2023-01-12,5,3,1,30,4,2,2
10420906,529623,175398,3,2,1,2023-01-10,3,3,9,20,4,9,9
10420912,513732,176872,2,1,1,2023-01-12,5,6,7,20,5,5,2
10420914,530550,188164,3,2,1,2023-01-11,4,6,9,30,1,9,9
10420917,534528,187112,3,2,1,2023-01-08,1,3,6,30,4,9,9
10420921,539718,191280,3,2,1,2023-01-10,3,3,6,30,1,2,2
10420922,535383,176270,3,2,1,2023-01-10,3,3,6,20,4,2,2
10420923,529649,181241,3,1,1,2023-01-09,2,6,9,20,1,8,1
10420924,539990,171972,3,2,1,2023-01-12,5,5,6,20,1,2,2
10420925,531472,189666,3,2,1,2023-01-11,4,3,9,20,1,9,9
10420934,546127,165973,3,1,1,2023-01-10,3,3,6,30,1,1,1
10420942,543909,177939,3,1,2,2023-01-12,5,5,6,30,1,2,2
10420946,535189,181533,3,2,1,2023-01-12,5,5,6,20,1,1,2
10420947,534499,187181,3,2,1,2023-01-08,1,6,3,20,4,2,2
10420950,536695,181652,3,1,1,2023-01-12,5,4,6,20,1,2,2
10420953,538087,181027,2,1,1,2023-01-11,4,3,6,30,4,1,2
10420956,535797,173177,3,2,1,2023-01-12,5,3,6,30,4,9,2
10420964,537538,173567,3,2,1,2023-01-11,4,5,9,20,1,2,9
10420965,528287,176850,3,2,1,2023-01-11,4,5,6,20,1,1,1
10420966,534390,178240,3,2,1,2023-01-12,5,4,6,20,1,2,2
10420968,541768,178859,3,2,1,2023-01-12,5,3,6,20,1,1,2
10420970,533909,190699,3,2,1,2023-01-12,5,3,6,20,1,2,2
10420972,531805,186370,3,1,1,2023-01-12,5,6,6,20,1,1,2
10420974,533558,178387,3,1,1,2023-01-12,5,3,3,30,1,8,1
10420976,535089,165969,3,1,1,2023-01-11,4,3,7,30,4,2,2
10420978,529017,181269,3,2,1,2023-01-12,5,3,6,20,1,1,2
10420983,537679,173454,3,1,1,2023-01-12,5,3,6,30,1,2,2
10420987,544563,183246,3,2,2,2023-01-11,4,5,7,30,1,1,1
10420988,537312,189199,3,1,1,2023-01-12,5,3,2,30,1,1,2
10420990,532195,178406,3,2,1,2023-01-11,4,5,9,20,6,5,2
10420996,525356,181389,3,2,1,2023-01-12,5,6,9,20,1,1,1
10421005,535160,174123,3,2,1,2023-01-09,2,4,3,30,4,9,1
10421008,520800,168261,3,2,1,2023-01-12,5,3,9,30,1,1,2
10421010,527683,169048,2,1,1,2023-01-12,5,3,3,20,4,2,2
10421014,546344,169363,3,1,1,2023-01-11,4,6,6,30,1,8,1
10421018,558371,188499,3,2,1,2023-01-12,5,3,1,70,1,2,2
10421021,536732,176728,3,2,1,2023-01-12,5,3,9,20,4,2,2
10421022,525429,180124,3,1,1,2023-01-12,5,3,6,20,4,8,2
10421023,546373,187429,3,2,1,2023-01-12,5,3,6,30,4,1,2
10421031,543761,186042,3,1,1,2023-01-03,3,6,6,20,7,8,9
10421035,535379,189319,3,2,1,2023-01-12,5,3,6,30,4,1,1
10421040,517660,179235,2,1,1,2023-01-09,2,4,6,20,1,1,2
10421043,518170,191237,3,1,1,2023-01-12,5,4,6,30,4,1,1
10421048,532642,180161,2,1,1,2023-01-12,5,3,6,20,4,1,1
10421051,534314,197476,3,2,1,2023-01-12,5,5,2,30,4,1,2
10421052,513708,185637,3,1,1,2023-01-12,5,6,3,30,1,1,1
10421054,528845,178827,2,1,1,2023-01-12,5,3,2,20,4,1,2
10421056,509744,187984,3,1,1,2023-01-06,6,6,6,30,4,1,1
10421057,519848,190812,2,1,1,2023-01-12,5,3,3,30,4,1,1
10421063,531795,170985,3,2,1,2023-01-12,5,3,9,30,4,1,2
10421070,545189,190703,3,2,1,2023-01-12,5,5,6,40,4,1,2
10421072,535861,178610,3,2,1,2023-01-12,5,3,2,20,1,2,2
10421078,533126,164721,3,2,2,2023-01-12,5,3,1,30,4,2,2
10421087,530651,178986,3,1,2,2023-01-13,6,3,6,20,1,9,1
10421089,528051,180616,3,2,1,2023-01-13,6,3,3,20,1,1,1
10421091,537869,175842,2,2,1,2023-01-10,3,3,6,30,1,2,2
10421092,532613,176167,2,2,1,2023-01-13,6,3,6,20,4,4,2
10421095,521573,182670,2,2,1,2023-01-13,6,3,6,20,1,1,1
10421097,531382,161743,3,1,2,2023-01-13,6,3,6,30,1,1,1
10421100,529028,189858,3,2,1,2023-01-12,5,6,9,20,1,1,1
10421104,524643,178254,3,2,1,2023-01-13,6,4,6,20,1,2,1
10421105,537533,173606,3,2,1,2023-01-06,6,5,7,20,1,1,9
10421109,542749,182087,3,2,4,2023-01-12,5,3,3,50,4,2,2
10421112,524952,174612,3,1,1,2023-01-13,6,3,6,30,7,1,1
10421114,533016,190673,3,2,1,2023-01-12,5,6,6,30,1,8,1
10421116,525675,185014,3,2,1,2023-01-12,5,6,9,20,1,1,1
10421117,539735,168399,2,1,1,2023-01-13,6,6,6,30,1,4,1
10421118,536604,183285,3,1,1,2023-01-13,6,6,7,20,1,4,1
10421123,528947,189986,3,2,1,2023-01-12,5,6,9,20,7,9,9
10421130,546357,178293,3,2,1,2023-01-12,5,3,9,30,4,1,9
10421132,509569,176952,3,2,1,2023-01-11,4,3,9,40,7,8,2
10421133,541869,185370,3,1,1,2023-01-13,6,3,6,30,1,2,1
10421137,532025,183791,3,1,1,2023-01-13,6,6,6,20,1,1,1
10421138,519331,191702,3,2,1,2023-01-13,6,3,7,30,1,2,1
10421143,536577,176924,3,1,1,2023-01-13,6,3,3,30,1,1,1
10421146,518285,185172,3,1,1,2023-01-13,6,3,3,30,1,1,1
10421149,536594,171672,3,2,1,2023-01-13,6,6,9,20,1,9,9
10421151,540003,191826,3,2,1,2023-01-13,6,3,6,30,1,1,1
10421152,545745,174815,3,2,1,2023-01-13,6,3,3,40,1,1,1
10421160,522296,183460,3,2,1,2023-01-12,5,6,9,20,4,9,9
10421167,534873,186743,3,1,1,2023-01-12,5,6,6,20,4,1,1
10421170,520368,178899,3,2,1,2023-01-12,5,6,6,20,4,1,1
10421174,540097,173849,3,2,1,2023-01-12,5,3,6,30,4,9,9
10421176,533290,182659,3,2,1,2023-01-12,5,3,6,20,1,1,2
10421178,519433,191906,3,2,1,2023-01-13,6,3,6,30,1,1,1
10421179,529162,180159,2,1,1,2023-01-13,6,6,6,20,1,1,1
10421191,519291,170296,3,2,1,2023-01-13,6,4,6,20,1,1,1
10421195,534081,198737,3,1,1,2023-01-13,6,5,9,20,1,1,1
10421197,523950,176920,3,2,1,2023-01-12,5,3,6,20,1,1,1
10421208,543953,170702,3,1,1,2023-01-13,6,3,3,30,4,1,2
10421209,523873,165679,3,2,1,2023-01-13,6,6,9,30,4,9,9
10421210,530909,196042,3,2,1,2023-01-13,6,6,9,20,1,8,1
10421213,537807,190930,3,6,1,2023-01-13,6,3,3,50,4,1,1
10421220,539495,170541,3,1,1,2023-01-13,6,6,6,30,1,9,1
10421226,505666,180457,3,1,1,2023-01-13,6,6,6,30,4,1,2
10421227,541461,185212,3,2,1,2023-01-13,6,3,3,30,1,4,1
10421228,547060,177437,3,2,1,2023-01-13,6,6,6,30,4,1,1
10421230,536564,182323,3,1,1,2023-01-13,6,6,6,30,1,1,2
10421231,517826,171476,3,2,1,2023-01-12,5,5,6,20,1,1,9
10421232,516188,190344,2,1,1,2023-01-13,6,5,1,30,4,1,1
10421235,540684,176534,3,2,1,2023-01-13,6,3,6,30,4,1,1
10421242,526942,181839,3,2,1,2023-01-13,6,3,2,30,4,1,1
10421243,527562,192302,2,1,1,2023-01-13,6,4,7,30,4,9,2
10421248,527277,175096,3,2,1,2023-01-13,6,3,6,30,4,1,1
10421250,534647,182856,3,2,1,2023-01-13,6,6,9,30,4,1,1
10421253,525039,177006,3,1,1,2023-01-13,6,3,3,20,1,1,1
10421258,553190,190334,3,1,1,2023-01-13,6,3,6,30,1,1,1
10421260,513060,172563,3,2,1,2023-01-13,6,6,6,20,5,1,1
10421262,521759,175468,3,2,1,2023-01-13,6,5,6,30,4,1,1
10421266,528720,186139,3,2,1,2023-01-11,4,6,1,20,4,2,2
10421271,533690,187908,3,2,1,2023-01-10,3,3,6,30,4,2,2
10421281,518918,188789,3,2,1,2023-01-13,6,3,6,30,4,4,1
10421282,534446,176735,2,1,1,2023-01-13,6,3,3,30,4,9,2
10421287,538763,184142,3,1,1,2023-01-14,7,3,6,30,4,1,1
10421291,534150,166310,2,1,1,2023-01-14,7,3,6,20,4,1,1
10421293,524550,184018,3,1,1,2023-01-13,6,3,6,30,1,1,1
10421294,528602,185799,3,3,3,2023-01-13,6,4,6,20,4,1,2
10421298,526642,184103,2,2,1,2023-01-14,7,3,6,30,4,1,1
10421301,526787,177766,3,2,2,2023-01-14,7,3,6,20,4,2,2
10421304,526200,175221,3,2,1,2023-01-14,7,3,1,30,4,1,1
10421306,540163,178329,3,2,1,2023-01-14,7,3,6,20,4,2,2
10421308,536133,187705,3,4,1,2023-01-13,6,6,6,20,1,1,1
10421314,532442,165531,3,2,1,2023-01-14,7,6,6,30,1,2,2
10421316,536584,187422,3,2,1,2023-01-14,7,6,2,20,1,2,2
10421318,539107,182207,2,2,1,2023-01-14,7,6,6,30,1,2,2
10421333,529058,187952,3,2,1,2023-01-13,6,6,9,20,1,1,1
10421334,507687,180365,3,2,1,2023-01-14,7,3,1,30,1,2,2
10421342,529016,186140,2,2,1,2023-01-12,5,5,6,20,1,2,2
10421350,539076,165298,3,1,1,2023-01-14,7,3,6,20,1,1,2
10421353,528944,180241,2,1,3,2023-01-14,7,3,3,20,1,2,2
10421354,527761,175574,3,1,1,2023-01-14,7,3,6,20,1,1,2
10421355,513266,178362,3,2,1,2023-01-14,7,3,6,20,1,1,2
10421356,543445,186309,3,2,1,2023-01-13,6,3,6,30,4,1,2
10421365,515546,189642,3,2,1,2023-01-14,7,3,1,20,1,1,1
10421370,544698,188719,3,1,1,2023-01-14,7,6,9,20,1,1,2
10421371,549670,175103,3,2,6,2023-01-14,7,3,1,30,1,2,2
10421377,527280,181549,2,1,1,2023-01-11,4,3,2,20,1,1,1
10421379,524727,181343,3,2,1,2023-01-13,6,4,6,20,4,1,1
10421380,536786,183952,3,2,1,2023-01-13,6,5,3,20,1,1,1
10421381,534208,163703,3,3,1,2023-01-14,7,6,6,30,1,2,2
10421382,541307,177080,3,2,1,2023-01-12,5,3,6,20,1,1,2
10421384,536005,181142,3,2,1,2023-01-13,6,3,6,20,4,1,1
10421385,521781,172545,3,2,1,2023-01-09,2,3,3,30,1,2,2
10421388,510249,190298,3,2,1,2023-01-13,6,4,2,20,1,1,1
10421391,538237,176066,1,1,1,2023-01-14,7,3,6,20,1,1,1
10421394,519613,186568,3,1,1,2023-01-14,7,3,6,30,4,8,2
10421396,544018,182707,3,1,2,2023-01-14,7,3,9,70,7,9,9
10421399,529265,179196,2,1,1,2023-01-14,7,3,6,20,4,1,1
10421401,525231,195875,3,1,1,2023-01-13,6,5,6,30,4,2,2
10421403,529997,182734,3,1,1,2023-01-14,7,3,6,30,4,1,1
10421405,530456,181677,3,2,1,2023-01-14,7,3,6,20,4,1,1
10421406,513606,187549,3,2,1,2023-01-14,7,6,6,30,4,1,1
10421407,534560,163575,2,2,1,2023-01-14,7,6,6,20,4,1,2
10421410,541077,177106,3,2,1,2023-01-14,7,3,6,30,4,1,1
10421415,542313,174927,3,4,1,2023-01-14,7,3,3,50,1,8,2
10421422,533978,184884,2,2,1,2023-01-14,7,3,6,20,1,1,1
10421423,515670,186014,3,1,1,2023-01-13,6,6,6,30,1,1,1
10421429,534527,187117,3,3,1,2023-01-14,7,3,6,20,4,1,1
10421431,527133,177142,2,1,1,2023-01-14,7,3,6,20,4,1,1
10421437,542558,174458,3,2,1,2023-01-14,7,3,6,30,4,1,1
10421438,515985,173761,3,2,1,2023-01-14,7,4,6,30,4,1,2
10421439,526575,177529,3,2,1,2023-01-14,7,3,6,30,4,1,1
10421440,528046,188468,3,2,1,2023-01-14,7,3,6,30,4,1,1
10421441,511228,189993,3,1,1,2023-01-13,6,3,6,30,4,1,1
10421444,532176,190532,2,2,1,2023-01-14,7,3,6,20,4,4,1
10421450,520134,181480,3,1,1,2023-01-15,1,5,6,20,4,1,1
10421457,550978,188620,3,1,3,2023-01-15,1,3,1,30,7,8,2
10421459,536010,180919,3,3,1,2023-01-15,1,3,6,20,4,1,1
10421463,535162,184892,3,3,1,2023-01-15,1,6,9,20,4,9,9
10421467,523003,186814,2,1,1,2023-01-15,1,3,6,30,4,1,2
10421470,533750,189445,2,1,2,2023-01-15,1,3,6,20,4,1,1
10421477,530514,183013,3,2,1,2023-01-15,1,3,6,20,4,1,1
10421483,538686,164994,3,2,1,2023-01-15,1,3,6,30,1,1,1
10421493,535258,196208,3,2,2,2023-01-14,7,3,6,30,4,1,1
10421496,530977,192354,3,2,1,2023-01-09,2,3,2,30,4,1,1
10421498,533436,198114,3,2,1,2023-01-15,1,5,6,30,1,1,1
10421501,532613,176761,3,1,1,2023-01-15,1,3,6,20,4,1,2
10421509,534649,185211,3,2,1,2023-01-14,7,3,6,20,4,1,9
10421510,524311,188506,3,2,1,2023-01-15,1,6,6,30,1,1,1
10421511,539393,178185,3,1,2,2023-01-15,1,3,6,30,1,1,1
10421513,533870,191351,2,1,1,2023-01-13,6,3,9,20,1,1,1
10421518,506696,180888,3,1,1,2023-01-15,1,6,6,20,1,1,1
10421519,537715,180241,3,1,1,2023-01-15,1,6,6,20,1,1,1
10421521,534013,185351,3,2,1,2023-01-15,1,5,3,20,1,1,1
10421529,541267,168393,3,2,1,2023-01-15,1,4,6,30,1,1,1
10421532,523811,174480,3,2,1,2023-01-11,4,3,6,20,1,8,2
10421539,527414,179422,3,1,1,2023-01-15,1,6,6,20,1,1,1
10421541,530636,176006,3,2,1,2023-01-15,1,6,6,20,1,1,1
10421543,519031,165851,3,2,1,2023-01-15,1,6,6,30,1,1,1
10421544,530287,170530,3,2,1,2023-01-15,1,3,6,30,1,1,1
10421545,542252,172789,3,2,1,2023-01-15,1,3,3,30,1,1,1
10421546,531539,173119,3,2,1,2023-01-14,7,3,6,20,4,1,2
10421555,517576,188480,2,1,1,2023-01-15,1,6,6,30,4,1,1
10421558,527836,176540,3,3,1,2023-01-15,1,3,6,20,4,1,1
10421559,520299,184568,3,2,2,2023-01-15,1,3,3,40,1,1,1
10421560,524449,181030,3,2,1,2023-01-14,7,4,6,20,4,1,1
10421565,517615,186236,3,2,2,2023-01-14,7,3,6,30,1,1,1
10421569,527705,183621,3,2,1,2023-01-15,1,6,6,20,4,1,1
10421573,539790,178656,3,2,1,2023-01-15,1,3,3,50,1,1,1
10421576,533887,191635,2,1,1,2023-01-14,7,3,6,20,1,9,9
10421577,533828,171118,3,1,1,2023-01-15,1,3,6,30,4,1,1
10421579,531555,189324,3,2,1,2023-01-15,1,6,9,30,4,1,1
10421583,531552,168208,3,3,1,2023-01-15,1,6,2,20,4,1,1
10421584,534846,193762,3,2,1,2023-01-15,1,6,9,20,1,8,9
10421586,535802,198801,1,1,1,2023-01-15,1,5,6,30,7,1,1
10421587,519369,183637,3,1,2,2023-01-13,6,6,6,30,4,1,1
10421588,526210,190737,3,2,1,2023-01-13,6,6,6,30,4,1,1
10421591,529892,193579,3,1,1,2023-01-15,1,3,9,30,4,1,1
10421596,532486,179673,3,2,1,2023-01-15,1,3,6,20,4,1,1
10421599,529802,181368,3,1,1,2023-01-14,7,3,6,20,4,1,1
10421600,526347,181127,3,3,2,2023-01-14,7,5,6,20,4,1,1
10421603,531439,186760,2,2,1,2023-01-16,2,3,6,20,4,5,2
10421607,531012,190404,3,2,1,2023-01-16,2,3,6,30,4,2,2
10421608,510246,184446,3,2,1,2023-01-16,2,3,3,60,4,2,2
10421611,555238,189154,3,1,1,2023-01-16,2,3,3,50,4,2,2
10421612,530310,177824,2,2,1,2023-01-16,2,3,1,30,4,2,1
10421613,522667,187336,3,2,1,2023-01-16,2,3,1,30,4,2,2
10421615,542732,182987,3,1,1,2023-01-16,2,3,6,30,4,2,2
10421623,529434,182248,3,1,1,2023-01-04,4,5,6,20,4,9,9
10421626,524876,162436,3,2,1,2023-01-16,2,5,6,30,1,1,2
10421632,531207,190238,3,2,1,2023-01-13,6,6,9,20,4,1,1
10421636,534259,167590,3,2,1,2023-01-15,1,5,3,20,1,1,9
10421643,530794,169189,3,2,1,2023-01-13,6,3,9,20,4,1,1
10421645,527730,165211,3,2,1,2023-01-16,2,4,6,30,1,2,1
10421648,531006,175294,2,1,1,2023-01-16,2,3,6,20,4,8,2
10421655,527897,170443,3,1,1,2023-01-16,2,3,3,30,7,9,1
10421660,518783,164817,3,2,1,2023-01-16,2,6,3,30,1,4,2
10421665,532740,188374,3,1,1,2023-01-16,2,6,6,30,1,1,1
10421666,535535,198017,3,2,1,2023-01-14,7,6,9,20,1,9,9
10421670,533521,184723,3,2,1,2023-01-11,4,3,9,20,4,1,2
10421674,520532,180053,3,2,1,2023-01-14,7,3,9,30,4,1,1
10421675,523669,177793,3,2,1,2023-01-05,5,3,6,20,4,1,2
10421679,523040,184659,3,1,1,2023-01-16,2,3,6,30,1,1,1
10421681,534279,176771,3,2,1,2023-01-16,2,3,2,20,1,1,1
10421684,534978,181911,3,2,1,2023-01-15,1,3,3,20,1,1,1
10421685,533741,189428,3,2,1,2023-01-16,2,3,6,20,1,1,2
10421695,533155,182450,3,1,1,2023-01-16,2,3,3,20,1,1,1
10421697,530537,174616,3,1,1,2023-01-13,6,6,6,50,1,1,1
10421698,529874,189482,3,2,1,2023-01-15,1,6,6,20,1,1,1
10421699,538633,184317,3,1,1,2023-01-16,2,6,2,20,4,2,2
10421702,532989,186302,3,1,1,2023-01-16,2,4,6,20,1,1,2
10421704,513023,186086,3,1,1,2023-01-12,5,5,6,30,4,1,9
10421706,551672,174527,3,2,1,2023-01-13,6,5,6,20,4,1,1
10421708,533697,181693,3,2,1,2023-01-11,4,3,3,20,1,1,1
10421709,531087,179151,3,2,1,2023-01-16,2,3,6,20,1,1,1
10421710,534663,186170,3,2,1,2023-01-16,2,5,9,20,1,2,2
10421713,518021,181835,3,2,1,2023-01-15,1,6,9,20,1,2,2
10421715,531703,183937,3,2,1,2023-01-16,2,3,6,20,1,1,9
10421716,517177,192449,2,2,1,2023-01-16,2,6,6,30,4,1,1
10421717,526750,169940,3,2,1,2023-01-16,2,3,6,20,4,2,2
10421729,532435,164572,3,2,1,2023-01-16,2,3,6,30,4,1,2
10421730,540929,170146,2,2,1,2023-01-16,2,5,3,30,4,1,1
10421735,544869,176211,3,2,2,2023-01-16,2,3,3,30,4,1,1
10421737,531756,170743,3,2,1,2023-01-16,2,3,6,30,1,1,1
10421740,526077,166625,3,2,1,2023-01-16,2,3,1,30,1,1,2
10421743,520508,180463,3,2,1,2023-01-11,4,6,9,20,1,9,1
10421749,510978,171385,3,2,1,2023-01-16,2,5,1,30,4,1,2
10421759,547227,174232,1,2,1,2023-01-16,2,3,6,30,4,1,2
10421760,532800,191312,3,2,2,2023-01-16,2,5,6,30,4,8,2
10421764,549805,183725,2,1,1,2023-01-16,2,6,6,30,4,2,2
10421765,546344,183679,3,2,1,2023-01-16,2,3,1,30,1,2,2
10421766,525232,183841,2,1,1,2023-01-16,2,3,6,30,4,1,1
10421768,536806,187467,3,1,2,2023-01-16,2,3,6,20,4,1,2
10421771,517243,192374,3,2,1,2023-01-16,2,3,6,30,1,8,1
10421779,547322,187750,2,1,1,2023-01-16,2,3,6,30,4,1,2
10421784,524934,185159,1,2,1,2023-01-16,2,5,6,20,4,1,4
10421791,531307,167714,2,2,1,2023-01-14,7,4,6,30,4,2,2
10421798,551816,184682,3,2,1,2023-01-17,3,3,6,40,4,8,4
10421800,524428,186189,2,1,1,2023-01-09,2,3,9,20,4,2,9
10421803,510438,190430,3,2,1,2023-01-16,2,3,6,20,4,1,1
10421806,536052,196384,3,2,2,2023-01-17,3,5,6,30,1,1,4
10421808,535771,178787,3,4,1,2023-01-17,3,3,2,20,4,1,1
10421809,519520,186602,2,1,1,2023-01-17,3,3,6,20,1,8,1
10421813,530190,172744,2,1,1,2023-01-17,3,4,6,20,1,1,4
10421818,533510,197549,3,2,1,2023-01-04,4,6,1,20,1,9,9
10421819,522087,175491,3,2,1,2023-01-17,3,3,6,30,1,8,2
10421823,526083,185568,3,2,1,2023-01-15,1,6,2,20,1,1,1
10421824,522340,179356,2,2,1,2023-01-17,3,3,1,20,1,1,1
10421829,523462,188763,3,2,1,2023-01-17,3,4,6,30,1,1,1
10421836,516488,177469,3,2,1,2023-01-16,2,3,3,40,4,1,1
10421837,533490,189557,2,1,1,2023-01-17,3,4,6,20,1,1,1
10421840,539038,174298,3,2,1,2023-01-16,2,5,6,30,1,1,2
10421845,527113,182696,2,2,1,2023-01-08,1,6,2,30,1,1,1
10421846,537161,191243,3,3,2,2023-01-17,3,3,3,50,1,1,2
10421853,531621,189377,3,2,1,2023-01-16,2,3,6,20,4,8,2
10421854,519169,171837,3,1,1,2023-01-17,3,6,6,20,1,1,4
10421860,523332,188010,3,2,1,2023-01-11,4,6,2,20,4,1,1
10421862,539901,172121,3,1,1,2023-01-17,3,5,6,20,1,1,1
10421868,528610,183657,3,2,1,2023-01-16,2,5,6,30,4,1,2
10421869,529973,177811,3,2,1,2023-01-11,4,3,2,30,1,1,1
10421872,520508,180466,3,2,1,2023-01-17,3,6,9,20,1,1,1
10421873,546896,168571,3,2,1,2023-01-17,3,5,6,20,1,1,1
10421874,522913,179049,3,2,1,2023-01-13,6,6,9,20,1,9,1
10421879,543681,184027,3,2,1,2023-01-15,1,3,6,30,4,1,1
10421882,531069,190293,3,2,1,2023-01-17,3,3,6,20,1,1,1
10421887,520393,178695,3,2,1,2023-01-17,3,4,6,20,1,1,1
10421889,536510,174786,3,1,1,2023-01-14,7,4,6,30,1,2,9
10421891,546227,172266,3,1,1,2023-01-17,3,3,6,30,5,1,1
10421895,532175,184133,3,2,1,2023-01-16,2,3,3,20,1,2,2
10421898,538725,184267,3,1,1,2023-01-17,3,3,6,20,4,1,1
10421907,531412,179671,3,1,1,2023-01-17,3,3,6,30,1,1,4
10421908,533683,186026,3,2,1,2023-01-17,3,6,6,20,4,1,1
10421913,512281,178300,2,1,1,2023-01-17,3,5,6,30,1,1,1
10421914,524349,185058,3,2,1,2023-01-17,3,3,6,20,4,1,4
10421916,513294,180401,3,2,1,2023-01-17,3,3,3,20,4,1,1
10421921,525916,180994,3,2,1,2023-01-17,3,6,2,20,4,1,1
10421931,533048,178491,2,1,1,2023-01-17,3,5,7,20,4,1,1
10421933,516756,185035,3,2,1,2023-01-07,7,6,7,20,1,2,2
10421934,540416,190196,2,1,1,2023-01-17,3,5,6,30,4,8,1
10421936,533775,187786,3,1,1,2023-01-17,3,3,6,20,1,1,1
10421941,512988,182786,3,2,1,2023-01-17,3,4,6,20,4,1,1
10421942,514071,170531,3,2,1,2023-01-17,3,3,6,20,4,8,2
10421945,529764,182587,3,2,1,2023-01-17,3,3,3,30,1,1,1
10421950,537559,183288,3,2,1,2023-01-17,3,3,3,40,4,1,4
10421962,519811,165758,3,2,1,2023-01-17,3,3,3,30,4,1,4
10421965,522364,182953,3,2,1,2023-01-18,4,3,6,30,4,1,4
10421966,527773,181927,3,2,2,2023-01-18,4,3,3,20,4,1,1
10421968,518895,185642,3,1,1,2023-01-18,4,4,6,30,4,1,4
10421975,512279,183657,3,1,2,2023-01-17,3,3,9,30,4,1,1
10421979,541626,184220,3,2,1,2023-01-18,4,4,6,20,1,1,4
10421980,538125,175475,3,2,1,2023-01-17,3,3,2,20,1,1,1
10421981,546874,182963,3,2,1,2023-01-11,4,5,9,30,1,1,1
10421985,526930,181680,3,2,1,2023-01-18,4,3,7,20,1,1,4
10421986,513166,186157,3,1,1,2023-01-18,4,5,6,30,1,1,4
10421994,540372,166217,2,2,1,2023-01-18,4,4,6,30,1,1,1
10421999,525803,174923,2,2,1,2023-01-18,4,3,6,30,1,1,1
10422003,524861,176324,3,2,1,2023-01-11,4,3,6,30,1,8,1
10422005,533829,174161,3,2,1,2023-01-18,4,3,6,20,1,8,4
10422008,524531,172951,2,1,1,2023-01-18,4,5,6,20,1,1,1
10422016,520836,183932,3,2,1,2023-01-18,4,3,6,30,1,1,4
10422017,521721,183343,3,1,1,2023-01-18,4,3,6,30,1,8,4
10422020,534088,192184,3,2,1,2023-01-17,3,3,9,30,1,9,9
10422023,545658,176012,3,2,1,2023-01-18,4,6,6,30,1,1,1
10422024,530454,188318,3,2,1,2023-01-14,7,6,6,20,1,1,1
10422027,512343,183706,3,2,1,2023-01-18,4,3,1,40,1,1,1
10422028,537544,175270,3,2,1,2023-01-17,3,6,9,20,1,1,2
10422034,525424,179512,2,1,1,2023-01-18,4,3,6,30,1,1,1
10422041,533904,186908,3,1,1,2023-01-06,6,6,6,20,1,1,1
10422042,552021,183433,3,3,2,2023-01-18,4,5,6,30,1,1,2
10422050,536145,200009,3,2,2,2023-01-17,3,1,3,60,1,1,1
10422053,533468,179974,3,2,1,2023-01-18,4,6,6,20,1,1,1
10422058,533479,182401,3,2,1,2023-01-17,3,3,9,30,4,9,9
10422061,526161,170119,3,2,2,2023-01-18,4,3,6,20,1,1,1
10422062,506446,182602,2,1,1,2023-01-18,4,5,1,30,1,1,2
10422065,538747,194086,3,1,1,2023-01-18,4,3,6,20,1,1,1
10422070,533661,192400,3,1,1,2023-01-18,4,6,6,30,1,1,1
10422079,533912,192320,3,2,1,2023-01-17,3,6,9,30,1,1,9
10422087,531478,184365,2,2,1,2023-01-18,4,5,6,20,1,1,1
10422090,521425,184640,3,2,1,2023-01-18,4,3,6,30,1,1,2
10422092,532310,176870,3,2,1,2023-01-18,4,3,6,20,4,8,4
10422094,531813,183016,2,1,1,2023-01-18,4,3,6,30,4,1,1
10422096,531291,190495,2,4,1,2023-01-18,4,3,6,30,1,1,1
10422101,530334,180450,3,1,1,2023-01-18,4,6,6,20,4,1,1
10422106,522634,187256,3,2,1,2023-01-18,4,3,1,30,1,1,1
10422107,537169,176266,3,1,1,2023-01-18,4,3,6,20,4,8,2
10422109,537711,177665,2,2,1,2023-01-18,4,3,3,30,4,1,1
10422110,533548,185354,3,2,1,2023-01-18,4,3,6,20,4,1,1
10422112,516589,186124,3,1,1,2023-01-18,4,3,6,30,4,1,1
10422113,536496,188941,3,1,1,2023-01-18,4,6,9,30,1,9,9
10422114,511263,187361,3,1,1,2023-01-18,4,6,6,30,4,1,1
10422116,524024,171100,3,2,1,2023-01-06,6,3,1,20,1,1,1
10422117,530726,181045,3,2,1,2023-01-17,3,3,9,20,1,1,1
10422119,524634,180223,3,1,1,2023-01-18,4,3,9,30,1,9,9
10422123,518364,175553,3,2,1,2023-01-18,4,3,6,20,4,1,4
10422126,510904,188330,3,1,1,2023-01-18,4,5,6,30,4,1,1
10422134,529509,185432,3,2,1,2023-01-17,3,3,6,20,4,1,9
10422136,504494,177698,3,2,1,2023-01-18,4,1,3,50,4,1,1
10422137,530929,178123,3,2,1,2023-01-18,4,3,6,30,4,1,2
10422140,548005,168079,3,2,1,2023-01-18,4,6,6,30,4,8,4
10422146,506272,178478,3,2,2,2023-01-18,4,1,3,70,1,1,1
10422148,532329,160151,2,1,1,2023-01-18,4,5,7,30,1,1,1
10422151,520386,189112,2,1,1,2023-01-18,4,5,2,30,1,1,3
10422152,527622,192074,3,2,1,2023-01-18,4,3,6,30,1,1,1
10422154,510252,176982,3,2,1,2023-01-18,4,5,7,20,1,1,1
10422155,539059,186849,3,2,1,2023-01-18,4,6,6,20,4,1,4
10422161,533074,183086,3,1,1,2023-01-18,4,5,9,20,1,9,4
10422162,524473,174345,3,2,1,2023-01-18,4,3,6,20,4,1,1
10422165,527357,181712,3,2,1,2023-01-18,4,3,6,20,4,1,1
10422166,535178,180770,2,2,1,2023-01-18,4,3,6,30,4,1,2
10422167,514193,173561,3,3,1,2023-01-18,4,5,6,20,4,1,1
10422169,522610,173935,3,2,1,2023-01-18,4,5,2,20,1,1,1
10422171,546260,174220,2,1,1,2023-01-18,4,5,6,30,4,1,1
10422172,538884,174730,3,2,1,2023-01-18,4,6,2,20,4,1,1
10422173,547896,175863,3,1,1,2023-01-18,4,5,6,30,4,1,1
10422176,530344,172851,3,2,1,2023-01-18,4,3,3,30,4,1,1
10422187,514294,185170,3,2,2,2023-01-18,4,6,6,20,4,1,1
10422192,527357,182621,3,1,1,2023-01-18,4,3,9,20,1,8,1
10422194,531654,186085,3,2,1,2023-01-18,4,6,6,20,4,1,4
10422196,527875,179431,3,1,1,2023-01-16,2,6,2,20,1,1,1
10422197,541137,169850,3,2,1,2023-01-19,5,5,1,30,4,1,4
10422198,534581,181311,3,2,3,2023-01-15,1,4,6,20,1,1,1
10422199,533037,169673,3,3,1,2023-01-19,5,3,6,30,7,8,4
10422201,524040,165976,3,2,1,2023-01-14,7,3,9,30,1,9,9
10422202,530537,192098,3,4,1,2023-01-18,4,3,3,30,4,1,1
10422203,532708,169118,3,1,1,2023-01-19,5,6,6,30,1,1,4
10422204,551666,176143,3,2,1,2023-01-12,5,3,9,20,7,9,9
10422206,521300,184300,3,2,1,2023-01-18,4,6,7,20,4,1,1
10422211,518937,186292,2,1,1,2023-01-19,5,6,6,30,1,1,4
10422216,519889,184283,3,2,1,2023-01-18,4,3,3,30,1,1,1
10422218,528020,167073,3,1,1,2023-01-17,3,6,6,20,4,1,1
10422221,553097,188369,3,2,1,2023-01-19,5,6,6,30,1,1,4
10422222,533661,188990,3,2,1,2023-01-09,2,3,9,20,4,9,9
10422234,528064,179676,3,2,1,2023-01-19,5,6,3,20,1,1,1
10422235,534853,183803,3,2,1,2023-01-18,4,3,6,30,1,1,1
10422236,538843,173277,3,1,1,2023-01-18,4,6,9,20,4,9,4
10422238,548676,175333,3,2,1,2023-01-07,7,3,1,20,4,1,2
10422241,557217,183961,3,2,1,2023-01-19,5,5,6,40,1,8,4
10422242,523996,188439,2,2,2,2023-01-19,5,3,3,40,1,1,2
10422243,547710,168216,3,1,2,2023-01-19,5,6,9,30,1,1,1
10422244,538818,171477,3,1,1,2023-01-19,5,3,6,30,1,8,4
10422252,530996,192088,3,3,1,2023-01-19,5,3,3,40,1,1,2
10422255,525053,181318,2,2,1,2023-01-19,5,6,6,20,1,1,1
10422266,525861,175749,3,2,1,2023-01-19,5,3,6,20,1,1,1
10422273,535571,177100,3,2,1,2023-01-19,5,3,6,30,1,1,2
10422276,551692,176485,2,1,1,2023-01-19,5,5,6,30,1,1,1
10422277,541190,185393,3,2,1,2023-01-13,6,5,9,20,1,9,9
10422278,538583,174443,3,2,1,2023-01-19,5,5,6,20,1,1,1
10422284,527633,168689,3,2,1,2023-01-19,5,3,6,20,1,1,1
10422288,527315,193704,3,2,1,2023-01-19,5,3,1,30,1,1,1
10422289,548992,186756,3,1,1,2023-01-19,5,3,6,30,1,8,2
10422294,528225,168919,3,1,1,2023-01-19,5,6,6,20,1,1,1
10422296,527539,171620,3,1,1,2023-01-19,5,3,6,30,4,1,2
10422303,518193,169309,3,1,1,2023-01-19,5,5,6,20,1,1,1
10422306,534799,184206,3,2,1,2023-01-19,5,6,6,20,1,1,1
10422307,550217,187774,3,2,3,2023-01-19,5,6,6,30,1,2,2
10422309,550273,184782,3,1,1,2023-01-01,1,3,7,30,1,1,1
10422310,545150,184963,3,2,1,2023-01-19,5,3,6,30,1,1,1
10422314,520682,191614,3,2,2,2023-01-16,2,6,9,30,1,8,1
10422316,531180,179976,2,1,1,2023-01-19,5,3,6,20,4,1,1
10422317,531728,188990,3,2,1,2023-01-18,4,3,2,20,7,9,1
10422319,531647,186645,3,2,1,2023-01-19,5,3,6,20,1,8,4
10422322,534996,181612,3,4,2,2023-01-19,5,6,6,20,1,1,1
10422328,531800,168046,3,1,1,2023-01-19,5,4,6,30,4,1,1
10422329,512751,179923,3,2,1,2023-01-19,5,6,6,20,1,8,2
10422333,532770,168228,3,1,1,2023-01-19,5,4,2,30,4,1,1
10422336,536195,181734,3,2,1,2023-01-19,5,4,6,20,4,1,1
10422337,527845,180990,3,1,1,2023-01-19,5,3,1,20,4,1,1
10422339,529742,163863,3,2,1,2023-01-17,3,4,7,30,1,8,4
10422343,526125,177670,2,1,1,2023-01-19,5,3,6,20,1,1,1
10422344,525835,163863,3,2,1,2023-01-19,5,3,2,30,4,1,2
10422346,535923,183393,3,2,3,2023-01-19,5,3,1,20,4,1,2
10422349,542530,178784,3,2,1,2023-01-19,5,6,6,30,4,1,1
10422352,533765,189565,3,1,1,2023-01-19,5,3,9,20,4,1,1
10422353,524175,181646,3,2,1,2023-01-19,5,4,6,30,4,1,1
10422354,515169,186654,3,1,1,2023-01-19,5,3,6,30,1,1,1
10422355,543900,182632,3,2,1,2023-01-18,4,3,7,20,1,1,1
10422356,548684,174460,3,2,1,2023-01-19,5,6,1,30,4,1,1
10422358,534287,195790,3,4,1,2023-01-19,5,3,3,40,4,1,1
10422359,530888,178097,3,2,1,2023-01-19,5,3,6,30,4,8,2
10422360,531159,177597,3,2,1,2023-01-19,5,3,3,20,4,1,1
10422361,521848,166463,3,1,1,2023-01-19,5,3,6,20,4,8,2
10422364,514189,173807,2,2,1,2023-01-19,5,5,6,30,4,9,1
10422366,527551,179450,3,1,1,2023-01-19,5,3,3,30,4,1,1
10422367,531879,174679,2,2,1,2023-01-19,5,4,2,20,1,1,1
10422371,540695,178344,3,2,1,2023-01-19,5,6,6,20,4,1,4
10422372,532413,191190,3,2,1,2023-01-19,5,6,6,20,4,8,4
10422374,519104,182317,3,1,2,2023-01-19,5,3,3,40,4,1,1
10422380,531975,179366,3,2,1,2023-01-19,5,3,9,30,1,9,9
10422383,525865,171397,3,2,1,2023-01-19,5,4,6,30,1,1,1
10422384,536001,181146,3,3,1,2023-01-19,5,3,3,20,1,1,1
10422385,527540,184210,3,2,1,2023-01-19,5,5,9,20,1,1,1
10422390,523926,189680,3,5,6,2023-01-19,5,3,3,50,4,1,1
10422395,543572,178851,3,2,1,2023-01-19,5,6,6,20,4,1,1
10422396,511978,177340,3,2,1,2023-01-20,6,5,1,20,4,1,4
10422397,532627,160132,3,3,1,2023-01-20,6,3,6,40,5,8,1
10422403,543190,179789,3,1,1,2023-01-19,5,3,7,20,4,1,1
10422410,522078,192207,3,2,1,2023-01-19,5,4,6,30,1,1,1
10422416,529396,171614,3,2,1,2023-01-20,6,6,6,20,1,1,4
10422418,531429,182062,3,2,1,2023-01-19,5,3,6,30,1,1,1
10422419,531023,190379,3,2,2,2023-01-20,6,3,6,30,4,1,2
10422420,543043,181662,3,2,1,2023-01-19,5,5,1,30,1,4,4
10422421,526602,185646,3,2,1,2023-01-13,6,3,9,20,7,9,9
10422422,522457,190320,3,2,1,2023-01-17,3,3,3,50,1,1,4
10422423,557880,189563,3,2,2,2023-01-20,6,1,3,70,1,1,1
10422426,527955,181976,3,1,1,2023-01-20,6,3,3,20,1,1,1
10422427,537436,181524,3,1,1,2023-01-20,6,5,6,20,1,1,1
10422430,535437,199850,3,1,2,2023-01-20,6,6,7,20,1,1,1
10422431,532902,182548,3,2,1,2023-01-19,5,3,7,20,1,1,1
10422433,532023,178677,3,2,1,2023-01-20,6,6,2,30,1,1,1
10422451,536414,192188,3,2,1,2023-01-20,6,3,3,30,1,1,2
10422452,523026,184078,3,2,1,2023-01-19,5,6,1,20,4,1,2
10422455,550304,176383,3,3,1,2023-01-20,6,6,6,20,1,9,9
10422457,544041,172251,3,2,1,2023-01-20,6,6,6,30,1,1,1
10422459,520432,178729,3,2,1,2023-01-20,6,4,6,20,1,1,2
10422460,527626,175145,3,2,1,2023-01-19,5,3,2,20,4,1,1
10422466,534681,179170,3,2,1,2023-01-20,6,6,6,20,1,1,1
10422469,515122,182040,3,1,1,2023-01-20,6,5,6,20,1,1,2
10422470,532385,188700,2,2,1,2023-01-20,6,4,6,20,1,1,1
10422478,537055,173143,3,2,1,2023-01-13,6,3,6,20,4,8,1
10422482,536690,187999,3,2,1,2023-01-16,2,3,6,20,1,1,1
